GEO.id,Id
GEO.id2,Id2
GEO.display-label,Geography
HD01_VD01,Estimate; Total:
HD02_VD01,Margin of Error; Total:
HD01_VD03,"Estimate; Total: - Agriculture, forestry, fishing and hunting, and mining"
HD02_VD03,"Margin of Error; Total: - Agriculture, forestry, fishing and hunting, and mining"
HD01_VD04,Estimate; Total: - Construction
HD02_VD04,Margin of Error; Total: - Construction
HD01_VD05,Estimate; Total: - Manufacturing
HD02_VD05,Margin of Error; Total: - Manufacturing
HD01_VD06,Estimate; Total: - Wholesale trade
HD02_VD06,Margin of Error; Total: - Wholesale trade
HD01_VD07,Estimate; Total: - Retail trade
HD02_VD07,Margin of Error; Total: - Retail trade
HD01_VD08,"Estimate; Total: - Transportation and warehousing, and utilities"
HD02_VD08,"Margin of Error; Total: - Transportation and warehousing, and utilities"
HD01_VD09,Estimate; Total: - Information
HD02_VD09,Margin of Error; Total: - Information
HD01_VD10,"Estimate; Total: - Finance and insurance, and real estate and rental and leasing"
HD02_VD10,"Margin of Error; Total: - Finance and insurance, and real estate and rental and leasing"
HD01_VD11,"Estimate; Total: - Professional, scientific, and management, and administrative and waste management services"
HD02_VD11,"Margin of Error; Total: - Professional, scientific, and management, and administrative and waste management services"
HD01_VD12,"Estimate; Total: - Educational services, and health care and social assistance"
HD02_VD12,"Margin of Error; Total: - Educational services, and health care and social assistance"
HD01_VD13,"Estimate; Total: - Arts, entertainment, and recreation, and accommodation and food services"
HD02_VD13,"Margin of Error; Total: - Arts, entertainment, and recreation, and accommodation and food services"
HD01_VD14,Estimate; Total: - Other services (except public administration)
HD02_VD14,Margin of Error; Total: - Other services (except public administration)
HD01_VD15,Estimate; Total: - Public administration
HD02_VD15,Margin of Error; Total: - Public administration
HD01_VD16,Estimate; Total: - Armed forces
HD02_VD16,Margin of Error; Total: - Armed forces
HD01_VD17,"Estimate; Total: - Car, truck, or van - drove alone:"
HD02_VD17,"Margin of Error; Total: - Car, truck, or van - drove alone:"
HD01_VD18,"Estimate; Total: - Car, truck, or van - drove alone: - Agriculture, forestry, fishing and hunting, and mining"
HD02_VD18,"Margin of Error; Total: - Car, truck, or van - drove alone: - Agriculture, forestry, fishing and hunting, and mining"
HD01_VD19,"Estimate; Total: - Car, truck, or van - drove alone: - Construction"
HD02_VD19,"Margin of Error; Total: - Car, truck, or van - drove alone: - Construction"
HD01_VD20,"Estimate; Total: - Car, truck, or van - drove alone: - Manufacturing"
HD02_VD20,"Margin of Error; Total: - Car, truck, or van - drove alone: - Manufacturing"
HD01_VD21,"Estimate; Total: - Car, truck, or van - drove alone: - Wholesale trade"
HD02_VD21,"Margin of Error; Total: - Car, truck, or van - drove alone: - Wholesale trade"
HD01_VD22,"Estimate; Total: - Car, truck, or van - drove alone: - Retail trade"
HD02_VD22,"Margin of Error; Total: - Car, truck, or van - drove alone: - Retail trade"
HD01_VD23,"Estimate; Total: - Car, truck, or van - drove alone: - Transportation and warehousing, and utilities"
HD02_VD23,"Margin of Error; Total: - Car, truck, or van - drove alone: - Transportation and warehousing, and utilities"
HD01_VD24,"Estimate; Total: - Car, truck, or van - drove alone: - Information"
HD02_VD24,"Margin of Error; Total: - Car, truck, or van - drove alone: - Information"
HD01_VD25,"Estimate; Total: - Car, truck, or van - drove alone: - Finance and insurance, and real estate and rental and leasing"
HD02_VD25,"Margin of Error; Total: - Car, truck, or van - drove alone: - Finance and insurance, and real estate and rental and leasing"
HD01_VD26,"Estimate; Total: - Car, truck, or van - drove alone: - Professional, scientific, and management, and administrative and waste management services"
HD02_VD26,"Margin of Error; Total: - Car, truck, or van - drove alone: - Professional, scientific, and management, and administrative and waste management services"
HD01_VD27,"Estimate; Total: - Car, truck, or van - drove alone: - Educational services, and health care and social assistance"
HD02_VD27,"Margin of Error; Total: - Car, truck, or van - drove alone: - Educational services, and health care and social assistance"
HD01_VD28,"Estimate; Total: - Car, truck, or van - drove alone: - Arts, entertainment, and recreation, and accommodation and food services"
HD02_VD28,"Margin of Error; Total: - Car, truck, or van - drove alone: - Arts, entertainment, and recreation, and accommodation and food services"
HD01_VD29,"Estimate; Total: - Car, truck, or van - drove alone: - Other services (except public administration)"
HD02_VD29,"Margin of Error; Total: - Car, truck, or van - drove alone: - Other services (except public administration)"
HD01_VD30,"Estimate; Total: - Car, truck, or van - drove alone: - Public administration"
HD02_VD30,"Margin of Error; Total: - Car, truck, or van - drove alone: - Public administration"
HD01_VD31,"Estimate; Total: - Car, truck, or van - drove alone: - Armed forces"
HD02_VD31,"Margin of Error; Total: - Car, truck, or van - drove alone: - Armed forces"
HD01_VD32,"Estimate; Total: - Car, truck, or van - carpooled:"
HD02_VD32,"Margin of Error; Total: - Car, truck, or van - carpooled:"
HD01_VD33,"Estimate; Total: - Car, truck, or van - carpooled: - Agriculture, forestry, fishing and hunting, and mining"
HD02_VD33,"Margin of Error; Total: - Car, truck, or van - carpooled: - Agriculture, forestry, fishing and hunting, and mining"
HD01_VD34,"Estimate; Total: - Car, truck, or van - carpooled: - Construction"
HD02_VD34,"Margin of Error; Total: - Car, truck, or van - carpooled: - Construction"
HD01_VD35,"Estimate; Total: - Car, truck, or van - carpooled: - Manufacturing"
HD02_VD35,"Margin of Error; Total: - Car, truck, or van - carpooled: - Manufacturing"
HD01_VD36,"Estimate; Total: - Car, truck, or van - carpooled: - Wholesale trade"
HD02_VD36,"Margin of Error; Total: - Car, truck, or van - carpooled: - Wholesale trade"
HD01_VD37,"Estimate; Total: - Car, truck, or van - carpooled: - Retail trade"
HD02_VD37,"Margin of Error; Total: - Car, truck, or van - carpooled: - Retail trade"
HD01_VD38,"Estimate; Total: - Car, truck, or van - carpooled: - Transportation and warehousing, and utilities"
HD02_VD38,"Margin of Error; Total: - Car, truck, or van - carpooled: - Transportation and warehousing, and utilities"
HD01_VD39,"Estimate; Total: - Car, truck, or van - carpooled: - Information"
HD02_VD39,"Margin of Error; Total: - Car, truck, or van - carpooled: - Information"
HD01_VD40,"Estimate; Total: - Car, truck, or van - carpooled: - Finance and insurance, and real estate and rental and leasing"
HD02_VD40,"Margin of Error; Total: - Car, truck, or van - carpooled: - Finance and insurance, and real estate and rental and leasing"
HD01_VD41,"Estimate; Total: - Car, truck, or van - carpooled: - Professional, scientific, and management, and administrative and waste management services"
HD02_VD41,"Margin of Error; Total: - Car, truck, or van - carpooled: - Professional, scientific, and management, and administrative and waste management services"
HD01_VD42,"Estimate; Total: - Car, truck, or van - carpooled: - Educational services, and health care and social assistance"
HD02_VD42,"Margin of Error; Total: - Car, truck, or van - carpooled: - Educational services, and health care and social assistance"
HD01_VD43,"Estimate; Total: - Car, truck, or van - carpooled: - Arts, entertainment, and recreation, and accommodation and food services"
HD02_VD43,"Margin of Error; Total: - Car, truck, or van - carpooled: - Arts, entertainment, and recreation, and accommodation and food services"
HD01_VD44,"Estimate; Total: - Car, truck, or van - carpooled: - Other services (except public administration)"
HD02_VD44,"Margin of Error; Total: - Car, truck, or van - carpooled: - Other services (except public administration)"
HD01_VD45,"Estimate; Total: - Car, truck, or van - carpooled: - Public administration"
HD02_VD45,"Margin of Error; Total: - Car, truck, or van - carpooled: - Public administration"
HD01_VD46,"Estimate; Total: - Car, truck, or van - carpooled: - Armed forces"
HD02_VD46,"Margin of Error; Total: - Car, truck, or van - carpooled: - Armed forces"
HD01_VD47,Estimate; Total: - Public transportation (excluding taxicab):
HD02_VD47,Margin of Error; Total: - Public transportation (excluding taxicab):
HD01_VD48,"Estimate; Total: - Public transportation (excluding taxicab): - Agriculture, forestry, fishing and hunting, and mining"
HD02_VD48,"Margin of Error; Total: - Public transportation (excluding taxicab): - Agriculture, forestry, fishing and hunting, and mining"
HD01_VD49,Estimate; Total: - Public transportation (excluding taxicab): - Construction
HD02_VD49,Margin of Error; Total: - Public transportation (excluding taxicab): - Construction
HD01_VD50,Estimate; Total: - Public transportation (excluding taxicab): - Manufacturing
HD02_VD50,Margin of Error; Total: - Public transportation (excluding taxicab): - Manufacturing
HD01_VD51,Estimate; Total: - Public transportation (excluding taxicab): - Wholesale trade
HD02_VD51,Margin of Error; Total: - Public transportation (excluding taxicab): - Wholesale trade
HD01_VD52,Estimate; Total: - Public transportation (excluding taxicab): - Retail trade
HD02_VD52,Margin of Error; Total: - Public transportation (excluding taxicab): - Retail trade
HD01_VD53,"Estimate; Total: - Public transportation (excluding taxicab): - Transportation and warehousing, and utilities"
HD02_VD53,"Margin of Error; Total: - Public transportation (excluding taxicab): - Transportation and warehousing, and utilities"
HD01_VD54,Estimate; Total: - Public transportation (excluding taxicab): - Information
HD02_VD54,Margin of Error; Total: - Public transportation (excluding taxicab): - Information
HD01_VD55,"Estimate; Total: - Public transportation (excluding taxicab): - Finance and insurance, and real estate and rental and leasing"
HD02_VD55,"Margin of Error; Total: - Public transportation (excluding taxicab): - Finance and insurance, and real estate and rental and leasing"
HD01_VD56,"Estimate; Total: - Public transportation (excluding taxicab): - Professional, scientific, and management, and administrative and waste management services"
HD02_VD56,"Margin of Error; Total: - Public transportation (excluding taxicab): - Professional, scientific, and management, and administrative and waste management services"
HD01_VD57,"Estimate; Total: - Public transportation (excluding taxicab): - Educational services, and health care and social assistance"
HD02_VD57,"Margin of Error; Total: - Public transportation (excluding taxicab): - Educational services, and health care and social assistance"
HD01_VD58,"Estimate; Total: - Public transportation (excluding taxicab): - Arts, entertainment, and recreation, and accommodation and food services"
HD02_VD58,"Margin of Error; Total: - Public transportation (excluding taxicab): - Arts, entertainment, and recreation, and accommodation and food services"
HD01_VD59,Estimate; Total: - Public transportation (excluding taxicab): - Other services (except public administration)
HD02_VD59,Margin of Error; Total: - Public transportation (excluding taxicab): - Other services (except public administration)
HD01_VD60,Estimate; Total: - Public transportation (excluding taxicab): - Public administration
HD02_VD60,Margin of Error; Total: - Public transportation (excluding taxicab): - Public administration
HD01_VD61,Estimate; Total: - Public transportation (excluding taxicab): - Armed forces
HD02_VD61,Margin of Error; Total: - Public transportation (excluding taxicab): - Armed forces
HD01_VD62,Estimate; Total: - Walked:
HD02_VD62,Margin of Error; Total: - Walked:
HD01_VD63,"Estimate; Total: - Walked: - Agriculture, forestry, fishing and hunting, and mining"
HD02_VD63,"Margin of Error; Total: - Walked: - Agriculture, forestry, fishing and hunting, and mining"
HD01_VD64,Estimate; Total: - Walked: - Construction
HD02_VD64,Margin of Error; Total: - Walked: - Construction
HD01_VD65,Estimate; Total: - Walked: - Manufacturing
HD02_VD65,Margin of Error; Total: - Walked: - Manufacturing
HD01_VD66,Estimate; Total: - Walked: - Wholesale trade
HD02_VD66,Margin of Error; Total: - Walked: - Wholesale trade
HD01_VD67,Estimate; Total: - Walked: - Retail trade
HD02_VD67,Margin of Error; Total: - Walked: - Retail trade
HD01_VD68,"Estimate; Total: - Walked: - Transportation and warehousing, and utilities"
HD02_VD68,"Margin of Error; Total: - Walked: - Transportation and warehousing, and utilities"
HD01_VD69,Estimate; Total: - Walked: - Information
HD02_VD69,Margin of Error; Total: - Walked: - Information
HD01_VD70,"Estimate; Total: - Walked: - Finance and insurance, and real estate and rental and leasing"
HD02_VD70,"Margin of Error; Total: - Walked: - Finance and insurance, and real estate and rental and leasing"
HD01_VD71,"Estimate; Total: - Walked: - Professional, scientific, and management, and administrative and waste management services"
HD02_VD71,"Margin of Error; Total: - Walked: - Professional, scientific, and management, and administrative and waste management services"
HD01_VD72,"Estimate; Total: - Walked: - Educational services, and health care and social assistance"
HD02_VD72,"Margin of Error; Total: - Walked: - Educational services, and health care and social assistance"
HD01_VD73,"Estimate; Total: - Walked: - Arts, entertainment, and recreation, and accommodation and food services"
HD02_VD73,"Margin of Error; Total: - Walked: - Arts, entertainment, and recreation, and accommodation and food services"
HD01_VD74,Estimate; Total: - Walked: - Other services (except public administration)
HD02_VD74,Margin of Error; Total: - Walked: - Other services (except public administration)
HD01_VD75,Estimate; Total: - Walked: - Public administration
HD02_VD75,Margin of Error; Total: - Walked: - Public administration
HD01_VD76,Estimate; Total: - Walked: - Armed forces
HD02_VD76,Margin of Error; Total: - Walked: - Armed forces
HD01_VD77,"Estimate; Total: - Taxicab, motorcycle, bicycle, or other means:"
HD02_VD77,"Margin of Error; Total: - Taxicab, motorcycle, bicycle, or other means:"
HD01_VD78,"Estimate; Total: - Taxicab, motorcycle, bicycle, or other means: - Agriculture, forestry, fishing and hunting, and mining"
HD02_VD78,"Margin of Error; Total: - Taxicab, motorcycle, bicycle, or other means: - Agriculture, forestry, fishing and hunting, and mining"
HD01_VD79,"Estimate; Total: - Taxicab, motorcycle, bicycle, or other means: - Construction"
HD02_VD79,"Margin of Error; Total: - Taxicab, motorcycle, bicycle, or other means: - Construction"
HD01_VD80,"Estimate; Total: - Taxicab, motorcycle, bicycle, or other means: - Manufacturing"
HD02_VD80,"Margin of Error; Total: - Taxicab, motorcycle, bicycle, or other means: - Manufacturing"
HD01_VD81,"Estimate; Total: - Taxicab, motorcycle, bicycle, or other means: - Wholesale trade"
HD02_VD81,"Margin of Error; Total: - Taxicab, motorcycle, bicycle, or other means: - Wholesale trade"
HD01_VD82,"Estimate; Total: - Taxicab, motorcycle, bicycle, or other means: - Retail trade"
HD02_VD82,"Margin of Error; Total: - Taxicab, motorcycle, bicycle, or other means: - Retail trade"
HD01_VD83,"Estimate; Total: - Taxicab, motorcycle, bicycle, or other means: - Transportation and warehousing, and utilities"
HD02_VD83,"Margin of Error; Total: - Taxicab, motorcycle, bicycle, or other means: - Transportation and warehousing, and utilities"
HD01_VD84,"Estimate; Total: - Taxicab, motorcycle, bicycle, or other means: - Information"
HD02_VD84,"Margin of Error; Total: - Taxicab, motorcycle, bicycle, or other means: - Information"
HD01_VD85,"Estimate; Total: - Taxicab, motorcycle, bicycle, or other means: - Finance and insurance, and real estate and rental and leasing"
HD02_VD85,"Margin of Error; Total: - Taxicab, motorcycle, bicycle, or other means: - Finance and insurance, and real estate and rental and leasing"
HD01_VD86,"Estimate; Total: - Taxicab, motorcycle, bicycle, or other means: - Professional, scientific, and management, and administrative and waste management services"
HD02_VD86,"Margin of Error; Total: - Taxicab, motorcycle, bicycle, or other means: - Professional, scientific, and management, and administrative and waste management services"
HD01_VD87,"Estimate; Total: - Taxicab, motorcycle, bicycle, or other means: - Educational services, and health care and social assistance"
HD02_VD87,"Margin of Error; Total: - Taxicab, motorcycle, bicycle, or other means: - Educational services, and health care and social assistance"
HD01_VD88,"Estimate; Total: - Taxicab, motorcycle, bicycle, or other means: - Arts, entertainment, and recreation, and accommodation and food services"
HD02_VD88,"Margin of Error; Total: - Taxicab, motorcycle, bicycle, or other means: - Arts, entertainment, and recreation, and accommodation and food services"
HD01_VD89,"Estimate; Total: - Taxicab, motorcycle, bicycle, or other means: - Other services (except public administration)"
HD02_VD89,"Margin of Error; Total: - Taxicab, motorcycle, bicycle, or other means: - Other services (except public administration)"
HD01_VD90,"Estimate; Total: - Taxicab, motorcycle, bicycle, or other means: - Public administration"
HD02_VD90,"Margin of Error; Total: - Taxicab, motorcycle, bicycle, or other means: - Public administration"
HD01_VD91,"Estimate; Total: - Taxicab, motorcycle, bicycle, or other means: - Armed forces"
HD02_VD91,"Margin of Error; Total: - Taxicab, motorcycle, bicycle, or other means: - Armed forces"
HD01_VD92,Estimate; Total: - Worked at home:
HD02_VD92,Margin of Error; Total: - Worked at home:
HD01_VD93,"Estimate; Total: - Worked at home: - Agriculture, forestry, fishing and hunting, and mining"
HD02_VD93,"Margin of Error; Total: - Worked at home: - Agriculture, forestry, fishing and hunting, and mining"
HD01_VD94,Estimate; Total: - Worked at home: - Construction
HD02_VD94,Margin of Error; Total: - Worked at home: - Construction
HD01_VD95,Estimate; Total: - Worked at home: - Manufacturing
HD02_VD95,Margin of Error; Total: - Worked at home: - Manufacturing
HD01_VD96,Estimate; Total: - Worked at home: - Wholesale trade
HD02_VD96,Margin of Error; Total: - Worked at home: - Wholesale trade
HD01_VD97,Estimate; Total: - Worked at home: - Retail trade
HD02_VD97,Margin of Error; Total: - Worked at home: - Retail trade
HD01_VD98,"Estimate; Total: - Worked at home: - Transportation and warehousing, and utilities"
HD02_VD98,"Margin of Error; Total: - Worked at home: - Transportation and warehousing, and utilities"
HD01_VD99,Estimate; Total: - Worked at home: - Information
HD02_VD99,Margin of Error; Total: - Worked at home: - Information
HD01_VD100,"Estimate; Total: - Worked at home: - Finance and insurance, and real estate and rental and leasing"
HD02_VD100,"Margin of Error; Total: - Worked at home: - Finance and insurance, and real estate and rental and leasing"
HD01_VD101,"Estimate; Total: - Worked at home: - Professional, scientific, and management, and administrative and waste management services"
HD02_VD101,"Margin of Error; Total: - Worked at home: - Professional, scientific, and management, and administrative and waste management services"
HD01_VD102,"Estimate; Total: - Worked at home: - Educational services, and health care and social assistance"
HD02_VD102,"Margin of Error; Total: - Worked at home: - Educational services, and health care and social assistance"
HD01_VD103,"Estimate; Total: - Worked at home: - Arts, entertainment, and recreation, and accommodation and food services"
HD02_VD103,"Margin of Error; Total: - Worked at home: - Arts, entertainment, and recreation, and accommodation and food services"
HD01_VD104,Estimate; Total: - Worked at home: - Other services (except public administration)
HD02_VD104,Margin of Error; Total: - Worked at home: - Other services (except public administration)
HD01_VD105,Estimate; Total: - Worked at home: - Public administration
HD02_VD105,Margin of Error; Total: - Worked at home: - Public administration
HD01_VD106,Estimate; Total: - Worked at home: - Armed forces
HD02_VD106,Margin of Error; Total: - Worked at home: - Armed forces
