GEO.id,Id
GEO.id2,Id2
GEO.display-label,Geography
HD01_VD01,Estimate; Total:
HD02_VD01,Margin of Error; Total:
HD01_VD03,Estimate; Total: - Private for-profit wage and salary workers:
HD02_VD03,Margin of Error; Total: - Private for-profit wage and salary workers:
HD01_VD04,Estimate; Total: - Private for-profit wage and salary workers: - Employee of private company workers
HD02_VD04,Margin of Error; Total: - Private for-profit wage and salary workers: - Employee of private company workers
HD01_VD05,Estimate; Total: - Private for-profit wage and salary workers: - Self-employed in own incorporated business workers
HD02_VD05,Margin of Error; Total: - Private for-profit wage and salary workers: - Self-employed in own incorporated business workers
HD01_VD06,Estimate; Total: - Private not-for-profit wage and salary workers
HD02_VD06,Margin of Error; Total: - Private not-for-profit wage and salary workers
HD01_VD07,Estimate; Total: - Local government workers
HD02_VD07,Margin of Error; Total: - Local government workers
HD01_VD08,Estimate; Total: - State government workers
HD02_VD08,Margin of Error; Total: - State government workers
HD01_VD09,Estimate; Total: - Federal government workers
HD02_VD09,Margin of Error; Total: - Federal government workers
HD01_VD10,Estimate; Total: - Self-employed in own not incorporated business workers
HD02_VD10,Margin of Error; Total: - Self-employed in own not incorporated business workers
HD01_VD11,Estimate; Total: - Unpaid family workers
HD02_VD11,Margin of Error; Total: - Unpaid family workers
HD01_VD12,"Estimate; Total: - Car, truck, or van - drove alone:"
HD02_VD12,"Margin of Error; Total: - Car, truck, or van - drove alone:"
HD01_VD13,"Estimate; Total: - Car, truck, or van - drove alone: - Private for-profit wage and salary workers:"
HD02_VD13,"Margin of Error; Total: - Car, truck, or van - drove alone: - Private for-profit wage and salary workers:"
HD01_VD14,"Estimate; Total: - Car, truck, or van - drove alone: - Private for-profit wage and salary workers: - Employee of private company workers"
HD02_VD14,"Margin of Error; Total: - Car, truck, or van - drove alone: - Private for-profit wage and salary workers: - Employee of private company workers"
HD01_VD15,"Estimate; Total: - Car, truck, or van - drove alone: - Private for-profit wage and salary workers: - Self-employed in own incorporated business workers"
HD02_VD15,"Margin of Error; Total: - Car, truck, or van - drove alone: - Private for-profit wage and salary workers: - Self-employed in own incorporated business workers"
HD01_VD16,"Estimate; Total: - Car, truck, or van - drove alone: - Private not-for-profit wage and salary workers"
HD02_VD16,"Margin of Error; Total: - Car, truck, or van - drove alone: - Private not-for-profit wage and salary workers"
HD01_VD17,"Estimate; Total: - Car, truck, or van - drove alone: - Local government workers"
HD02_VD17,"Margin of Error; Total: - Car, truck, or van - drove alone: - Local government workers"
HD01_VD18,"Estimate; Total: - Car, truck, or van - drove alone: - State government workers"
HD02_VD18,"Margin of Error; Total: - Car, truck, or van - drove alone: - State government workers"
HD01_VD19,"Estimate; Total: - Car, truck, or van - drove alone: - Federal government workers"
HD02_VD19,"Margin of Error; Total: - Car, truck, or van - drove alone: - Federal government workers"
HD01_VD20,"Estimate; Total: - Car, truck, or van - drove alone: - Self-employed in own not incorporated business workers"
HD02_VD20,"Margin of Error; Total: - Car, truck, or van - drove alone: - Self-employed in own not incorporated business workers"
HD01_VD21,"Estimate; Total: - Car, truck, or van - drove alone: - Unpaid family workers"
HD02_VD21,"Margin of Error; Total: - Car, truck, or van - drove alone: - Unpaid family workers"
HD01_VD22,"Estimate; Total: - Car, truck, or van - carpooled:"
HD02_VD22,"Margin of Error; Total: - Car, truck, or van - carpooled:"
HD01_VD23,"Estimate; Total: - Car, truck, or van - carpooled: - Private for-profit wage and salary workers:"
HD02_VD23,"Margin of Error; Total: - Car, truck, or van - carpooled: - Private for-profit wage and salary workers:"
HD01_VD24,"Estimate; Total: - Car, truck, or van - carpooled: - Private for-profit wage and salary workers: - Employee of private company workers"
HD02_VD24,"Margin of Error; Total: - Car, truck, or van - carpooled: - Private for-profit wage and salary workers: - Employee of private company workers"
HD01_VD25,"Estimate; Total: - Car, truck, or van - carpooled: - Private for-profit wage and salary workers: - Self-employed in own incorporated business workers"
HD02_VD25,"Margin of Error; Total: - Car, truck, or van - carpooled: - Private for-profit wage and salary workers: - Self-employed in own incorporated business workers"
HD01_VD26,"Estimate; Total: - Car, truck, or van - carpooled: - Private not-for-profit wage and salary workers"
HD02_VD26,"Margin of Error; Total: - Car, truck, or van - carpooled: - Private not-for-profit wage and salary workers"
HD01_VD27,"Estimate; Total: - Car, truck, or van - carpooled: - Local government workers"
HD02_VD27,"Margin of Error; Total: - Car, truck, or van - carpooled: - Local government workers"
HD01_VD28,"Estimate; Total: - Car, truck, or van - carpooled: - State government workers"
HD02_VD28,"Margin of Error; Total: - Car, truck, or van - carpooled: - State government workers"
HD01_VD29,"Estimate; Total: - Car, truck, or van - carpooled: - Federal government workers"
HD02_VD29,"Margin of Error; Total: - Car, truck, or van - carpooled: - Federal government workers"
HD01_VD30,"Estimate; Total: - Car, truck, or van - carpooled: - Self-employed in own not incorporated business workers"
HD02_VD30,"Margin of Error; Total: - Car, truck, or van - carpooled: - Self-employed in own not incorporated business workers"
HD01_VD31,"Estimate; Total: - Car, truck, or van - carpooled: - Unpaid family workers"
HD02_VD31,"Margin of Error; Total: - Car, truck, or van - carpooled: - Unpaid family workers"
HD01_VD32,Estimate; Total: - Public transportation (excluding taxicab):
HD02_VD32,Margin of Error; Total: - Public transportation (excluding taxicab):
HD01_VD33,Estimate; Total: - Public transportation (excluding taxicab): - Private for-profit wage and salary workers:
HD02_VD33,Margin of Error; Total: - Public transportation (excluding taxicab): - Private for-profit wage and salary workers:
HD01_VD34,Estimate; Total: - Public transportation (excluding taxicab): - Private for-profit wage and salary workers: - Employee of private company workers
HD02_VD34,Margin of Error; Total: - Public transportation (excluding taxicab): - Private for-profit wage and salary workers: - Employee of private company workers
HD01_VD35,Estimate; Total: - Public transportation (excluding taxicab): - Private for-profit wage and salary workers: - Self-employed in own incorporated business workers
HD02_VD35,Margin of Error; Total: - Public transportation (excluding taxicab): - Private for-profit wage and salary workers: - Self-employed in own incorporated business workers
HD01_VD36,Estimate; Total: - Public transportation (excluding taxicab): - Private not-for-profit wage and salary workers
HD02_VD36,Margin of Error; Total: - Public transportation (excluding taxicab): - Private not-for-profit wage and salary workers
HD01_VD37,Estimate; Total: - Public transportation (excluding taxicab): - Local government workers
HD02_VD37,Margin of Error; Total: - Public transportation (excluding taxicab): - Local government workers
HD01_VD38,Estimate; Total: - Public transportation (excluding taxicab): - State government workers
HD02_VD38,Margin of Error; Total: - Public transportation (excluding taxicab): - State government workers
HD01_VD39,Estimate; Total: - Public transportation (excluding taxicab): - Federal government workers
HD02_VD39,Margin of Error; Total: - Public transportation (excluding taxicab): - Federal government workers
HD01_VD40,Estimate; Total: - Public transportation (excluding taxicab): - Self-employed in own not incorporated business workers
HD02_VD40,Margin of Error; Total: - Public transportation (excluding taxicab): - Self-employed in own not incorporated business workers
HD01_VD41,Estimate; Total: - Public transportation (excluding taxicab): - Unpaid family workers
HD02_VD41,Margin of Error; Total: - Public transportation (excluding taxicab): - Unpaid family workers
HD01_VD42,Estimate; Total: - Walked:
HD02_VD42,Margin of Error; Total: - Walked:
HD01_VD43,Estimate; Total: - Walked: - Private for-profit wage and salary workers:
HD02_VD43,Margin of Error; Total: - Walked: - Private for-profit wage and salary workers:
HD01_VD44,Estimate; Total: - Walked: - Private for-profit wage and salary workers: - Employee of private company workers
HD02_VD44,Margin of Error; Total: - Walked: - Private for-profit wage and salary workers: - Employee of private company workers
HD01_VD45,Estimate; Total: - Walked: - Private for-profit wage and salary workers: - Self-employed in own incorporated business workers
HD02_VD45,Margin of Error; Total: - Walked: - Private for-profit wage and salary workers: - Self-employed in own incorporated business workers
HD01_VD46,Estimate; Total: - Walked: - Private not-for-profit wage and salary workers
HD02_VD46,Margin of Error; Total: - Walked: - Private not-for-profit wage and salary workers
HD01_VD47,Estimate; Total: - Walked: - Local government workers
HD02_VD47,Margin of Error; Total: - Walked: - Local government workers
HD01_VD48,Estimate; Total: - Walked: - State government workers
HD02_VD48,Margin of Error; Total: - Walked: - State government workers
HD01_VD49,Estimate; Total: - Walked: - Federal government workers
HD02_VD49,Margin of Error; Total: - Walked: - Federal government workers
HD01_VD50,Estimate; Total: - Walked: - Self-employed in own not incorporated business workers
HD02_VD50,Margin of Error; Total: - Walked: - Self-employed in own not incorporated business workers
HD01_VD51,Estimate; Total: - Walked: - Unpaid family workers
HD02_VD51,Margin of Error; Total: - Walked: - Unpaid family workers
HD01_VD52,"Estimate; Total: - Taxicab, motorcycle, bicycle, or other means:"
HD02_VD52,"Margin of Error; Total: - Taxicab, motorcycle, bicycle, or other means:"
HD01_VD53,"Estimate; Total: - Taxicab, motorcycle, bicycle, or other means: - Private for-profit wage and salary workers:"
HD02_VD53,"Margin of Error; Total: - Taxicab, motorcycle, bicycle, or other means: - Private for-profit wage and salary workers:"
HD01_VD54,"Estimate; Total: - Taxicab, motorcycle, bicycle, or other means: - Private for-profit wage and salary workers: - Employee of private company workers"
HD02_VD54,"Margin of Error; Total: - Taxicab, motorcycle, bicycle, or other means: - Private for-profit wage and salary workers: - Employee of private company workers"
HD01_VD55,"Estimate; Total: - Taxicab, motorcycle, bicycle, or other means: - Private for-profit wage and salary workers: - Self-employed in own incorporated business workers"
HD02_VD55,"Margin of Error; Total: - Taxicab, motorcycle, bicycle, or other means: - Private for-profit wage and salary workers: - Self-employed in own incorporated business workers"
HD01_VD56,"Estimate; Total: - Taxicab, motorcycle, bicycle, or other means: - Private not-for-profit wage and salary workers"
HD02_VD56,"Margin of Error; Total: - Taxicab, motorcycle, bicycle, or other means: - Private not-for-profit wage and salary workers"
HD01_VD57,"Estimate; Total: - Taxicab, motorcycle, bicycle, or other means: - Local government workers"
HD02_VD57,"Margin of Error; Total: - Taxicab, motorcycle, bicycle, or other means: - Local government workers"
HD01_VD58,"Estimate; Total: - Taxicab, motorcycle, bicycle, or other means: - State government workers"
HD02_VD58,"Margin of Error; Total: - Taxicab, motorcycle, bicycle, or other means: - State government workers"
HD01_VD59,"Estimate; Total: - Taxicab, motorcycle, bicycle, or other means: - Federal government workers"
HD02_VD59,"Margin of Error; Total: - Taxicab, motorcycle, bicycle, or other means: - Federal government workers"
HD01_VD60,"Estimate; Total: - Taxicab, motorcycle, bicycle, or other means: - Self-employed in own not incorporated business workers"
HD02_VD60,"Margin of Error; Total: - Taxicab, motorcycle, bicycle, or other means: - Self-employed in own not incorporated business workers"
HD01_VD61,"Estimate; Total: - Taxicab, motorcycle, bicycle, or other means: - Unpaid family workers"
HD02_VD61,"Margin of Error; Total: - Taxicab, motorcycle, bicycle, or other means: - Unpaid family workers"
HD01_VD62,Estimate; Total: - Worked at home:
HD02_VD62,Margin of Error; Total: - Worked at home:
HD01_VD63,Estimate; Total: - Worked at home: - Private for-profit wage and salary workers:
HD02_VD63,Margin of Error; Total: - Worked at home: - Private for-profit wage and salary workers:
HD01_VD64,Estimate; Total: - Worked at home: - Private for-profit wage and salary workers: - Employee of private company workers
HD02_VD64,Margin of Error; Total: - Worked at home: - Private for-profit wage and salary workers: - Employee of private company workers
HD01_VD65,Estimate; Total: - Worked at home: - Private for-profit wage and salary workers: - Self-employed in own incorporated business workers
HD02_VD65,Margin of Error; Total: - Worked at home: - Private for-profit wage and salary workers: - Self-employed in own incorporated business workers
HD01_VD66,Estimate; Total: - Worked at home: - Private not-for-profit wage and salary workers
HD02_VD66,Margin of Error; Total: - Worked at home: - Private not-for-profit wage and salary workers
HD01_VD67,Estimate; Total: - Worked at home: - Local government workers
HD02_VD67,Margin of Error; Total: - Worked at home: - Local government workers
HD01_VD68,Estimate; Total: - Worked at home: - State government workers
HD02_VD68,Margin of Error; Total: - Worked at home: - State government workers
HD01_VD69,Estimate; Total: - Worked at home: - Federal government workers
HD02_VD69,Margin of Error; Total: - Worked at home: - Federal government workers
HD01_VD70,Estimate; Total: - Worked at home: - Self-employed in own not incorporated business workers
HD02_VD70,Margin of Error; Total: - Worked at home: - Self-employed in own not incorporated business workers
HD01_VD71,Estimate; Total: - Worked at home: - Unpaid family workers
HD02_VD71,Margin of Error; Total: - Worked at home: - Unpaid family workers
